{"cameraMode":{"drawMode":0,"name":"Shaded","section":"Shading Mode"},"sceneLighting":true,"audioPlay":false,"sceneViewState":{"showFog":true,"showMaterialUpdate":true,"showSkybox":true,"showFlares":true,"showImageEffects":true,"showParticleSystems":true},"in2DMode":false,"pivot":{"x":-20.535799026489259,"y":8.211825370788575,"z":8.736522674560547},"rotation":{"x":0.19500713050365449,"y":0.04764757677912712,"z":-0.009485172107815743,"w":0.9795982837677002},"size":10.0,"orthographic":false}