{"cameraMode":{"drawMode":0,"name":"Shaded","section":"Shading Mode"},"sceneLighting":true,"audioPlay":false,"sceneViewState":{"showFog":true,"showMaterialUpdate":true,"showSkybox":false,"showFlares":true,"showImageEffects":true,"showParticleSystems":true},"in2DMode":false,"pivot":{"x":1.0663163661956788,"y":1.1266908645629883,"z":0.8955783843994141},"rotation":{"x":0.2962122857570648,"y":0.2647135555744171,"z":-0.08586249500513077,"w":0.9137352108955383},"size":4.264307498931885,"orthographic":false}