{"cameraMode":{"drawMode":0,"name":"Shaded","section":"Shading Mode"},"sceneLighting":false,"audioPlay":false,"sceneViewState":{"showFog":true,"showMaterialUpdate":true,"showSkybox":false,"showFlares":true,"showImageEffects":true,"showParticleSystems":true},"in2DMode":false,"pivot":{"x":-1.4257066249847413,"y":-0.2776363492012024,"z":7.6197381019592289},"rotation":{"x":0.060933273285627368,"y":0.7006972432136536,"z":-0.060271795839071277,"w":0.7083078026771545},"size":1.3915852308273316,"orthographic":false}